-- phpMyAdmin SQL Dump
-- version 5.2.1
-- https://www.phpmyadmin.net/
--
-- Host: 127.0.0.1
-- Generation Time: Jul 22, 2025 at 01:56 PM
-- Server version: 10.4.32-MariaDB
-- PHP Version: 8.2.12

SET SQL_MODE = "NO_AUTO_VALUE_ON_ZERO";
START TRANSACTION;
SET time_zone = "+00:00";


/*!40101 SET @OLD_CHARACTER_SET_CLIENT=@@CHARACTER_SET_CLIENT */;
/*!40101 SET @OLD_CHARACTER_SET_RESULTS=@@CHARACTER_SET_RESULTS */;
/*!40101 SET @OLD_COLLATION_CONNECTION=@@COLLATION_CONNECTION */;
/*!40101 SET NAMES utf8mb4 */;

--
-- Database: `u833998383_ticket_master`
--

-- --------------------------------------------------------

--
-- Table structure for table `tbl_events`
--

CREATE TABLE `tbl_events` (
  `id` int(11) NOT NULL,
  `user_id` int(11) NOT NULL,
  `artist_name` varchar(255) NOT NULL,
  `event_name` varchar(255) NOT NULL,
  `section` int(11) NOT NULL,
  `row` int(11) NOT NULL,
  `seat` int(11) NOT NULL,
  `date` varchar(255) NOT NULL,
  `location` varchar(255) NOT NULL,
  `time` varchar(255) NOT NULL,
  `ticket_type` varchar(255) NOT NULL,
  `level` varchar(255) NOT NULL,
  `total_tickets` int(11) NOT NULL DEFAULT 1,
  `image` varchar(255) NOT NULL,
  `create_at` int(11) NOT NULL
) ENGINE=InnoDB DEFAULT CHARSET=utf8mb4 COLLATE=utf8mb4_unicode_ci;

--
-- Dumping data for table `tbl_events`
--

INSERT INTO `tbl_events` (`id`, `user_id`, `artist_name`, `event_name`, `section`, `row`, `seat`, `date`, `location`, `time`, `ticket_type`, `level`, `total_tickets`, `image`, `create_at`) VALUES
(13, 123, 'coke studio', 'Music Fest 2025', 120, 5, 12, '2025-08-15', 'Dhaka', '20:00', 'VIP', 'Floor', 5, '/uploads/events/img_b6fg6a2f78.jpg', 1753094299),
(14, 1, 'coldplay', 'Music Fest 2025', 120, 5, 12, '2025-08-15', 'New York', '20:00', 'VIP', 'Floor', 4, '/uploads/events/img_bde33ba138.png', 1753098951),
(15, 2, 'coldplay', 'Music Fest 2025', 120, 5, 12, '2025-08-15', 'New York', '20:00', 'VIP', 'Floor', 4, '/uploads/events/img_e51fb76g31.png', 1753098960),
(16, 3, 'coldplay', 'Music Fest 2025', 120, 5, 12, '2025-08-15', 'New York', '20:00', 'VIP', 'Floor', 4, '/uploads/events/img_4bdee821g1.png', 1753098968),
(17, 4, 'coldplay', 'Music Fest 2025', 120, 5, 12, '2024-08-15', 'New York', '20:00', 'VIP', 'Floor', 8, '/uploads/events/img_93b34ge737.jpg', 1753099004),
(18, 1, 'coldplay', 'Music Fest 2025', 120, 5, 12, '2025-08-15', 'New York', '20:00', 'VIP', 'Floor', 4, '/uploads/events/img_a685dca8gg.jpg', 1753102061),
(19, 7, 'coke studio', 'Music Fest 2025', 120, 5, 12, '2025-08-15', 'Dhaka', '20:00', 'VIP', 'Floor', 5, '/uploads/events/img_gb1cee56b3.jpg', 1753159927),
(20, 111, 'winterhunts', 'Rock Fest 2025', 120, 5, 1, '2025-08-15', 'New York', '20:00', 'VIP', 'Floor', 5, '', 1753170322),
(21, 111, 'winterhunts', 'Rock Fest 2025', 120, 5, 1, '2025-08-15', 'New York', '20:00', 'VIP', 'Floor', 5, '', 1753170387),
(22, 7, 'coldplay', 'Music Fest 2025', 120, 5, 12, '2025-08-15', 'New York', '20:00', 'VIP', 'Floor', 4, '', 1753171160),
(23, 4, 'coldplay', 'Music Fest 2025', 120, 5, 12, '2025-08-15', 'New York', '20:00', 'VIP', 'Floor', 4, '', 1753176066),
(24, 4, 'coldplay', 'Music Fest 2025', 120, 5, 12, '2025-08-15', 'New York', '20:00', 'VIP', 'Floor', 4, '', 1753176220),
(25, 4, 'coldplay', 'Music Fest 2025', 120, 5, 12, '2025-08-15', 'New York', '20:00', 'VIP', 'Floor', 4, '', 1753176271),
(26, 111, 'winterhunts', 'Rock Fest 2025', 120, 5, 1, '2025-08-15', 'New York', '20:00', 'VIP', 'Floor', 5, '', 1753176441),
(27, 7, 'coldplay', 'Music Fest 2025', 120, 5, 12, '2025-08-15', 'New York', '20:00', 'VIP', 'Floor', 4, '', 1753176581),
(28, 7, 'coldplay', 'Music Fest 2025', 120, 5, 12, '2025-08-15', 'New York', '20:00', 'VIP', 'Floor', 4, '', 1753176944),
(29, 7, 'coldplay', 'Music Fest 2025', 120, 5, 12, '2025-08-15', 'New York', '20:00', 'VIP', 'Floor', 4, '/uploads/events/img_7231d85a9d.jpg', 1753176969),
(30, 7, 'coldplay', 'Music Fest 2024', 120, 5, 12, '2025-08-15', 'New York', '20:00', 'VIP', 'Floor', 4, '', 1753177341),
(31, 7, 'james', 'Music Fest 2024', 120, 5, 12, '2025-08-15', 'New York', '20:00', 'VIP', 'Floor', 4, '', 1753178062),
(32, 7, 'james', 'Music Fest 2024', 120, 5, 12, '2025-08-15', 'New York', '20:00', 'VIP', 'Floor', 4, '', 1753178996),
(33, 7, 'james', 'Music Fest 2024', 120, 5, 12, '2023-08-15', 'New York', '20:00', 'VIP', 'Floor', 4, '', 1753179012),
(34, 7, 'james', 'Music Fest 2024', 120, 5, 12, '2023-08-15', 'New York', '20:00', 'VIP', 'Floor', 4, '', 1753179014),
(35, 7, 'james', 'Music Fest 2024', 120, 5, 12, '2021-08-15', 'New York', '20:00', 'VIP', 'Floor', 4, '', 1753179060),
(36, 7, 'james', 'Music Fest 2024', 120, 5, 12, '2021-08-15', 'New York', '20:00', 'VIP', 'Floor', 4, '', 1753179062),
(37, 7, 'james', 'Music Fest 2024', 120, 5, 12, '2021-08-15', 'New York', '20:00', 'VIP', 'Floor', 4, '/uploads/events/img_3df5be6d38.jpg', 1753179131),
(38, 7, 'james', 'Music Fest 2024', 120, 5, 12, '2021-08-15', 'New York', '20:00', 'VIP', 'Floor', 4, '/uploads/events/img_8a8a96321c.jpg', 1753179211),
(39, 7, 'james', 'Music Fest 2024', 120, 5, 12, '2021-08-15', 'New York', '20:00', 'VIP', 'Floor', 4, '/uploads/events/img_6db42g71d9.jpg', 1753179224),
(40, 7, 'james', 'Music Fest 2024', 120, 5, 12, '2021-08-15', 'New York', '20:00', 'VIP', 'Floor', 4, '/uploads/events/img_7a261af1eb.png', 1753179239),
(41, 7, 'james', 'Music Fest 2024', 120, 5, 12, '2021-08-15', 'New York', '20:00', 'VIP', 'Floor', 4, '/uploads/events/img_91gdbdgca7.png', 1753179584),
(42, 7, 'james', 'Music Fest 2024', 120, 5, 12, '2021-08-15', 'New York', '20:00', 'VIP', 'Floor', 4, '/uploads/events/img_ecd68e16c7.png', 1753179584),
(43, 7, 'james', 'Music Fest 2024', 120, 5, 12, '2021-08-15', 'New York', '20:00', 'VIP', 'Floor', 4, '/uploads/events/img_56239eeged.jpg', 1753179593),
(44, 7, 'james', 'Games', 120, 5, 12, '2021-08-15', 'New York', '20:00', 'VIP', 'Floor', 4, '/uploads/events/img_8ebe94de76.jpg', 1753182499),
(45, 7, 'james', 'Games', 120, 5, 12, '2021-08-15', 'New York', '20:00', 'VIP', 'Floor', 4, '/uploads/events/img_73dga9ecaa.jpg', 1753182500),
(46, 7, 'james', 'Music Fest 2024', 120, 5, 12, '2021-08-15', 'New York', '20:00', 'VIP', 'Floor', 4, '/uploads/events/img_6be1693496.jpg', 1753182500),
(47, 7, 'james', 'Games', 120, 5, 12, '2021-08-15', 'New York', '20:00', 'VIP', 'Floor', 4, '/uploads/events/img_bcc1fdccg5.jpg', 1753182514),
(48, 1, 'b', 'h', 6, 6, 6, '6', 'h', '96', 'b', 'b', 1, '/uploads/events/img_9b4635caf2.jpg', 1753182936),
(49, 1, 'b', 'j', 9, 6, 9, '9', 'n', '9', 'b', 'nj', 61, '/uploads/events/img_egafdc335c.jpg', 1753183052),
(50, 1, 'b', 'Sakib', 9, 9, 9, '9', 'b', '9', 'b', 'n', 12, '/uploads/events/img_13b69d9f7f.jpg', 1753183230),
(51, 1, 'b', 'Sakib mina', 6, 6, 9, '9', 'b', '9', 'b', 'b', 16, '/uploads/events/img_g966121735.jpg', 1753183313),
(52, 1, 'sj', 'GG', 66, 96, 999, '9', 'bb', '9', 'n', 'b', 16, '/uploads/events/img_fge92g4cab.jpg', 1753183461),
(53, 1, 'gj', 'Gson', 66, 9, 9, '9', 'b', '9', 'b', 'b', 19, '/uploads/events/img_d66f164edc.jpg', 1753183501),
(54, 1, 'bh', 'j', 66, 6, 6, '6', 'j', '9', 'n', 'n', 16, '/uploads/events/img_g215d2e2c3.jpg', 1753183791),
(55, 7, 'james', 'Music Fest 2024', 120, 5, 12, '2021-08-15', 'New York', '20:00', 'VIP', 'Floor', 4, '', 1753184105),
(56, 1, 'b', 'Jing Sang', 9, 9, 9, '9', 'b', '9', 'b', 'n', 19, '/uploads/events/img_8eggegddbg.jpg', 1753184423),
(57, 1, 'b', 'hello', 96, 9, 9, '99', 'b', '9', 'b', 'b', 1, '/uploads/events/img_dbbe4176c3.jpg', 1753185158),
(58, 1, 'asaki', 'good game', 8, 6, 9, '9', 'b', '9', 'v', 'b', 1, '/uploads/events/img_3f3bac6c1e.jpg', 1753185335);

-- --------------------------------------------------------

--
-- Table structure for table `tbl_favourite_events`
--

CREATE TABLE `tbl_favourite_events` (
  `id` int(11) NOT NULL,
  `user_id` int(11) NOT NULL,
  `event_id` int(11) NOT NULL,
  `created_at` datetime DEFAULT current_timestamp()
) ENGINE=InnoDB DEFAULT CHARSET=utf8mb4 COLLATE=utf8mb4_general_ci;

-- --------------------------------------------------------

--
-- Table structure for table `tbl_tickets`
--

CREATE TABLE `tbl_tickets` (
  `id` int(11) NOT NULL,
  `event_id` int(11) NOT NULL,
  `seat` int(11) NOT NULL,
  `create_at` int(11) NOT NULL,
  `user_id` int(11) NOT NULL
) ENGINE=InnoDB DEFAULT CHARSET=utf8mb4 COLLATE=utf8mb4_unicode_ci;

--
-- Dumping data for table `tbl_tickets`
--

INSERT INTO `tbl_tickets` (`id`, `event_id`, `seat`, `create_at`, `user_id`) VALUES
(1, 2, 2, 1752179320, 1),
(2, 2, 3, 1752179320, 1),
(3, 2, 4, 1752179320, 1),
(4, 3, 12, 1753087511, 0),
(5, 3, 13, 1753087511, 0),
(6, 3, 14, 1753087511, 0),
(7, 3, 15, 1753087511, 0),
(8, 4, 12, 1753087573, 0),
(9, 4, 13, 1753087573, 0),
(10, 4, 14, 1753087573, 0),
(11, 4, 15, 1753087573, 0),
(12, 5, 12, 1753087620, 0),
(13, 5, 13, 1753087620, 0),
(14, 5, 14, 1753087620, 0),
(15, 5, 15, 1753087620, 0),
(16, 6, 12, 1753087661, 0),
(17, 6, 13, 1753087661, 0),
(18, 6, 14, 1753087661, 0),
(19, 6, 15, 1753087661, 0),
(20, 7, 12, 1753091225, 0),
(21, 7, 13, 1753091225, 0),
(22, 7, 14, 1753091225, 0),
(23, 7, 15, 1753091225, 0),
(24, 8, 12, 1753091540, 0),
(25, 8, 13, 1753091540, 0),
(26, 8, 14, 1753091540, 0),
(27, 8, 15, 1753091540, 0),
(28, 9, 12, 1753093331, 0),
(29, 9, 13, 1753093331, 0),
(30, 9, 14, 1753093331, 0),
(31, 9, 15, 1753093331, 0),
(32, 10, 12, 1753093351, 0),
(33, 10, 13, 1753093351, 0),
(34, 10, 14, 1753093351, 0),
(35, 10, 15, 1753093351, 0),
(36, 11, 12, 1753093572, 0),
(37, 11, 13, 1753093572, 0),
(38, 11, 14, 1753093572, 0),
(39, 11, 15, 1753093572, 0),
(40, 12, 12, 1753093660, 0),
(41, 12, 13, 1753093660, 0),
(42, 12, 14, 1753093660, 0),
(43, 12, 15, 1753093660, 0),
(44, 13, 12, 1753094299, 0),
(45, 13, 13, 1753094299, 0),
(46, 13, 14, 1753094299, 0),
(47, 13, 15, 1753094299, 0),
(48, 14, 12, 1753098951, 6),
(49, 14, 13, 1753098951, 6),
(50, 14, 14, 1753098951, 6),
(51, 14, 15, 1753098951, 0),
(52, 15, 12, 1753098960, 0),
(53, 15, 13, 1753098960, 0),
(54, 15, 14, 1753098960, 0),
(55, 15, 15, 1753098960, 0),
(56, 16, 12, 1753098968, 0),
(57, 16, 13, 1753098968, 0),
(58, 16, 14, 1753098968, 0),
(59, 16, 15, 1753098968, 0),
(60, 17, 12, 1753099004, 0),
(61, 17, 13, 1753099004, 0),
(62, 17, 14, 1753099004, 0),
(63, 17, 15, 1753099004, 0),
(64, 18, 12, 1753102061, 0),
(65, 18, 13, 1753102061, 0),
(66, 18, 14, 1753102061, 0),
(67, 18, 15, 1753102061, 0),
(68, 19, 12, 1753159927, 0),
(69, 19, 13, 1753159927, 0),
(70, 19, 14, 1753159927, 0),
(71, 19, 15, 1753159927, 0),
(72, 21, 1, 1753170387, 111),
(73, 21, 2, 1753170387, 111),
(74, 21, 3, 1753170387, 111),
(75, 21, 4, 1753170387, 111),
(76, 21, 5, 1753170387, 111),
(77, 22, 12, 1753171160, 7),
(78, 22, 13, 1753171160, 7),
(79, 22, 14, 1753171160, 7),
(80, 22, 15, 1753171160, 7),
(81, 25, 12, 1753176271, 4),
(82, 25, 13, 1753176271, 4),
(83, 25, 14, 1753176271, 4),
(84, 25, 15, 1753176271, 4),
(85, 26, 1, 1753176441, 111),
(86, 26, 2, 1753176441, 111),
(87, 26, 3, 1753176441, 111),
(88, 26, 4, 1753176441, 111),
(89, 26, 5, 1753176441, 111),
(90, 27, 12, 1753176581, 7),
(91, 27, 13, 1753176581, 7),
(92, 27, 14, 1753176581, 7),
(93, 27, 15, 1753176581, 2),
(94, 28, 12, 1753176944, 7),
(95, 28, 13, 1753176944, 2),
(96, 28, 14, 1753176944, 2),
(97, 28, 15, 1753176944, 7),
(98, 29, 12, 1753176969, 7),
(99, 29, 13, 1753176969, 7),
(100, 29, 14, 1753176969, 7),
(101, 29, 15, 1753176969, 7),
(102, 30, 12, 1753177341, 7),
(103, 30, 13, 1753177341, 7),
(104, 30, 14, 1753177341, 7),
(105, 30, 15, 1753177341, 7),
(106, 31, 12, 1753178062, 7),
(107, 31, 13, 1753178062, 7),
(108, 31, 14, 1753178062, 7),
(109, 31, 15, 1753178062, 7),
(110, 32, 12, 1753178996, 7),
(111, 32, 13, 1753178996, 7),
(112, 32, 14, 1753178996, 7),
(113, 32, 15, 1753178996, 7),
(114, 33, 12, 1753179012, 7),
(115, 33, 13, 1753179012, 7),
(116, 33, 14, 1753179012, 7),
(117, 33, 15, 1753179012, 7),
(118, 34, 12, 1753179014, 7),
(119, 34, 13, 1753179014, 7),
(120, 34, 14, 1753179014, 7),
(121, 34, 15, 1753179014, 7),
(122, 35, 12, 1753179060, 7),
(123, 35, 13, 1753179060, 7),
(124, 35, 14, 1753179060, 7),
(125, 35, 15, 1753179060, 7),
(126, 36, 12, 1753179062, 7),
(127, 36, 13, 1753179062, 7),
(128, 36, 14, 1753179062, 7),
(129, 36, 15, 1753179062, 7),
(130, 37, 12, 1753179131, 7),
(131, 37, 13, 1753179131, 7),
(132, 37, 14, 1753179131, 7),
(133, 37, 15, 1753179131, 7),
(134, 38, 12, 1753179211, 7),
(135, 38, 13, 1753179211, 7),
(136, 38, 14, 1753179211, 7),
(137, 38, 15, 1753179211, 7),
(138, 39, 12, 1753179224, 7),
(139, 39, 13, 1753179224, 7),
(140, 39, 14, 1753179224, 7),
(141, 39, 15, 1753179224, 7),
(142, 40, 12, 1753179239, 7),
(143, 40, 13, 1753179239, 7),
(144, 40, 14, 1753179239, 7),
(145, 40, 15, 1753179239, 7),
(146, 41, 12, 1753179584, 7),
(147, 41, 13, 1753179584, 7),
(148, 41, 14, 1753179584, 7),
(149, 41, 15, 1753179584, 7),
(150, 42, 12, 1753179584, 7),
(151, 42, 13, 1753179584, 7),
(152, 42, 14, 1753179584, 7),
(153, 42, 15, 1753179584, 7),
(154, 43, 12, 1753179593, 7),
(155, 43, 13, 1753179593, 7),
(156, 43, 14, 1753179593, 7),
(157, 43, 15, 1753179593, 7),
(158, 44, 12, 1753182499, 7),
(159, 44, 13, 1753182499, 7),
(160, 44, 14, 1753182499, 7),
(161, 44, 15, 1753182499, 7),
(162, 45, 12, 1753182500, 7),
(163, 45, 13, 1753182500, 7),
(164, 46, 12, 1753182500, 7),
(165, 45, 14, 1753182500, 7),
(166, 46, 13, 1753182500, 7),
(167, 45, 15, 1753182500, 7),
(168, 46, 14, 1753182500, 7),
(169, 46, 15, 1753182500, 7),
(170, 47, 12, 1753182514, 7),
(171, 47, 13, 1753182514, 7),
(172, 47, 14, 1753182514, 7),
(173, 47, 15, 1753182514, 7),
(174, 48, 6, 1753182936, 1),
(175, 49, 9, 1753183052, 1),
(176, 49, 10, 1753183052, 1),
(177, 49, 11, 1753183052, 1),
(178, 49, 12, 1753183052, 1),
(179, 49, 13, 1753183052, 1),
(180, 49, 14, 1753183052, 1),
(181, 49, 15, 1753183052, 1),
(182, 49, 16, 1753183052, 1),
(183, 49, 17, 1753183052, 1),
(184, 49, 18, 1753183052, 1),
(185, 49, 19, 1753183052, 1),
(186, 49, 20, 1753183052, 1),
(187, 49, 21, 1753183052, 1),
(188, 49, 22, 1753183052, 1),
(189, 49, 23, 1753183052, 1),
(190, 49, 24, 1753183052, 1),
(191, 49, 25, 1753183052, 1),
(192, 49, 26, 1753183052, 1),
(193, 49, 27, 1753183052, 1),
(194, 49, 28, 1753183052, 1),
(195, 49, 29, 1753183052, 1),
(196, 49, 30, 1753183052, 1),
(197, 49, 31, 1753183052, 1),
(198, 49, 32, 1753183052, 1),
(199, 49, 33, 1753183052, 1),
(200, 49, 34, 1753183052, 1),
(201, 49, 35, 1753183052, 1),
(202, 49, 36, 1753183052, 1),
(203, 49, 37, 1753183052, 1),
(204, 49, 38, 1753183052, 1),
(205, 49, 39, 1753183052, 1),
(206, 49, 40, 1753183052, 1),
(207, 49, 41, 1753183052, 1),
(208, 49, 42, 1753183052, 1),
(209, 49, 43, 1753183052, 1),
(210, 49, 44, 1753183052, 1),
(211, 49, 45, 1753183052, 1),
(212, 49, 46, 1753183052, 1),
(213, 49, 47, 1753183052, 1),
(214, 49, 48, 1753183052, 1),
(215, 49, 49, 1753183052, 1),
(216, 49, 50, 1753183052, 1),
(217, 49, 51, 1753183052, 1),
(218, 49, 52, 1753183052, 1),
(219, 49, 53, 1753183052, 1),
(220, 49, 54, 1753183052, 1),
(221, 49, 55, 1753183052, 1),
(222, 49, 56, 1753183052, 1),
(223, 49, 57, 1753183052, 1),
(224, 49, 58, 1753183052, 1),
(225, 49, 59, 1753183052, 1),
(226, 49, 60, 1753183052, 1),
(227, 49, 61, 1753183052, 1),
(228, 49, 62, 1753183052, 1),
(229, 49, 63, 1753183052, 1),
(230, 49, 64, 1753183052, 1),
(231, 49, 65, 1753183052, 1),
(232, 49, 66, 1753183052, 1),
(233, 49, 67, 1753183052, 1),
(234, 49, 68, 1753183052, 1),
(235, 49, 69, 1753183052, 1),
(236, 50, 9, 1753183230, 1),
(237, 50, 10, 1753183230, 1),
(238, 50, 11, 1753183230, 1),
(239, 50, 12, 1753183230, 1),
(240, 50, 13, 1753183230, 1),
(241, 50, 14, 1753183230, 1),
(242, 50, 15, 1753183230, 1),
(243, 50, 16, 1753183230, 1),
(244, 50, 17, 1753183230, 1),
(245, 50, 18, 1753183230, 1),
(246, 50, 19, 1753183230, 1),
(247, 50, 20, 1753183230, 1),
(248, 51, 9, 1753183313, 1),
(249, 51, 10, 1753183313, 1),
(250, 51, 11, 1753183313, 1),
(251, 51, 12, 1753183313, 1),
(252, 51, 13, 1753183313, 1),
(253, 51, 14, 1753183313, 1),
(254, 51, 15, 1753183313, 1),
(255, 51, 16, 1753183313, 1),
(256, 51, 17, 1753183313, 1),
(257, 51, 18, 1753183313, 1),
(258, 51, 19, 1753183313, 1),
(259, 51, 20, 1753183313, 1),
(260, 51, 21, 1753183313, 1),
(261, 51, 22, 1753183313, 1),
(262, 51, 23, 1753183313, 1),
(263, 51, 24, 1753183313, 1),
(264, 52, 999, 1753183461, 1),
(265, 52, 1000, 1753183461, 1),
(266, 52, 1001, 1753183461, 1),
(267, 52, 1002, 1753183461, 1),
(268, 52, 1003, 1753183461, 1),
(269, 52, 1004, 1753183461, 1),
(270, 52, 1005, 1753183461, 1),
(271, 52, 1006, 1753183461, 1),
(272, 52, 1007, 1753183461, 1),
(273, 52, 1008, 1753183461, 1),
(274, 52, 1009, 1753183461, 1),
(275, 52, 1010, 1753183461, 1),
(276, 52, 1011, 1753183461, 1),
(277, 52, 1012, 1753183461, 1),
(278, 52, 1013, 1753183461, 1),
(279, 52, 1014, 1753183461, 1),
(280, 53, 9, 1753183501, 1),
(281, 53, 10, 1753183501, 1),
(282, 53, 11, 1753183501, 1),
(283, 53, 12, 1753183501, 1),
(284, 53, 13, 1753183501, 1),
(285, 53, 14, 1753183501, 1),
(286, 53, 15, 1753183501, 1),
(287, 53, 16, 1753183501, 1),
(288, 53, 17, 1753183501, 1),
(289, 53, 18, 1753183501, 1),
(290, 53, 19, 1753183501, 1),
(291, 53, 20, 1753183501, 1),
(292, 53, 21, 1753183501, 1),
(293, 53, 22, 1753183501, 1),
(294, 53, 23, 1753183501, 1),
(295, 53, 24, 1753183501, 1),
(296, 53, 25, 1753183501, 1),
(297, 53, 26, 1753183501, 1),
(298, 53, 27, 1753183501, 1),
(299, 54, 6, 1753183791, 1),
(300, 54, 7, 1753183791, 1),
(301, 54, 8, 1753183791, 1),
(302, 54, 9, 1753183791, 1),
(303, 54, 10, 1753183791, 1),
(304, 54, 11, 1753183791, 1),
(305, 54, 12, 1753183791, 1),
(306, 54, 13, 1753183791, 1),
(307, 54, 14, 1753183791, 1),
(308, 54, 15, 1753183791, 1),
(309, 54, 16, 1753183791, 1),
(310, 54, 17, 1753183791, 1),
(311, 54, 18, 1753183791, 1),
(312, 54, 19, 1753183791, 1),
(313, 54, 20, 1753183791, 1),
(314, 54, 21, 1753183791, 1),
(315, 55, 12, 1753184105, 7),
(316, 55, 13, 1753184105, 7),
(317, 55, 14, 1753184105, 7),
(318, 55, 15, 1753184105, 7),
(319, 56, 9, 1753184423, 1),
(320, 56, 10, 1753184423, 1),
(321, 56, 11, 1753184423, 1),
(322, 56, 12, 1753184423, 1),
(323, 56, 13, 1753184423, 1),
(324, 56, 14, 1753184423, 1),
(325, 56, 15, 1753184423, 1),
(326, 56, 16, 1753184423, 1),
(327, 56, 17, 1753184423, 1),
(328, 56, 18, 1753184423, 1),
(329, 56, 19, 1753184423, 1),
(330, 56, 20, 1753184423, 1),
(331, 56, 21, 1753184423, 1),
(332, 56, 22, 1753184423, 1),
(333, 56, 23, 1753184423, 1),
(334, 56, 24, 1753184423, 1),
(335, 56, 25, 1753184423, 1),
(336, 56, 26, 1753184423, 1),
(337, 56, 27, 1753184423, 1),
(338, 57, 9, 1753185158, 1),
(339, 58, 9, 1753185335, 1);

-- --------------------------------------------------------

--
-- Table structure for table `tbl_users`
--

CREATE TABLE `tbl_users` (
  `id` int(11) NOT NULL,
  `name` varchar(255) NOT NULL,
  `email` varchar(255) NOT NULL,
  `password` varchar(255) NOT NULL,
  `status` enum('0','1') NOT NULL
) ENGINE=InnoDB DEFAULT CHARSET=utf8mb4 COLLATE=utf8mb4_unicode_ci;

--
-- Dumping data for table `tbl_users`
--

INSERT INTO `tbl_users` (`id`, `name`, `email`, `password`, `status`) VALUES
(1, 'Arslan', 'arslan@gmail.com', '$2y$10$66QirmDRwZx4PW1QU6qmJOza8A5X2LfyWjTGB0HMWerrD6Ji7exue', '1'),
(2, 'Arslan Ali', 'arslan12@gmail.com', '$2y$10$lv0lPAHVah6FeWKUTKgKOOa4ASxv3nT28BdooN6JCDONzZpb/dNFi', '1'),
(3, 'pankaj', 'pankaj23@gmail.com', '$2y$10$aAT92XWbQ95h53HI8ir5luT7ELBX6A/VuYSyxXRUzHHYvS5y6WAda', '1'),
(4, 'pankaj', 'pankaj237@gmail.com', '$2y$10$KSusxdXUHIm./q8q.lMIbe1t9yCukpMrVNWzdJ3qDUrpQ9rAebK1.', '1'),
(5, 'Issac', 'hostme676@gmail.com', '$2y$10$wEX5Nma2oNPWRFEGXADWVOJ3K.kUVisS9XZE0RXo0zSfVo3zXk/zm', '1'),
(6, 'Md Babul Mirdha', 'bm@gm.com', '$2y$10$8GDOms8i27IMKke.5VvH9uXx4MibJVPfgQSCYp6YtSaUzFiov5uuO', '1'),
(7, 'bmdha', 'bmhda@gmail.com', '$2y$10$y/kEd57JuuBwEfSU8BERFemK319LFYZ0NhL68itjGmjPO6JFrN9Xy', '1'),
(8, 'jj', 'c@gmail.com', '$2y$10$gF9/36uSKnpW99QGp/BVAu3H3gpvGSyRVTCWAMEiax0KB/Ad9mwoW', '1'),
(9, 'sakib', 'sb@gmail.com', '$2y$10$LioB3LwZDvz1likXY14BI.nCbJAEztYskwjgMvwvtxfAh6NDL4eqO', '1'),
(10, 'sa', 'vv@gmail.com', '$2y$10$.LDYRnNgd8hx8ECU1ZYPLuIHPQAvfjLAYEyyCx4GfO.P3oqJlp6/C', '1');

--
-- Indexes for dumped tables
--

--
-- Indexes for table `tbl_events`
--
ALTER TABLE `tbl_events`
  ADD PRIMARY KEY (`id`);

--
-- Indexes for table `tbl_favourite_events`
--
ALTER TABLE `tbl_favourite_events`
  ADD PRIMARY KEY (`id`),
  ADD UNIQUE KEY `unique_fav` (`user_id`,`event_id`),
  ADD KEY `event_id` (`event_id`);

--
-- Indexes for table `tbl_tickets`
--
ALTER TABLE `tbl_tickets`
  ADD PRIMARY KEY (`id`);

--
-- Indexes for table `tbl_users`
--
ALTER TABLE `tbl_users`
  ADD PRIMARY KEY (`id`);

--
-- AUTO_INCREMENT for dumped tables
--

--
-- AUTO_INCREMENT for table `tbl_events`
--
ALTER TABLE `tbl_events`
  MODIFY `id` int(11) NOT NULL AUTO_INCREMENT, AUTO_INCREMENT=59;

--
-- AUTO_INCREMENT for table `tbl_favourite_events`
--
ALTER TABLE `tbl_favourite_events`
  MODIFY `id` int(11) NOT NULL AUTO_INCREMENT, AUTO_INCREMENT=5;

--
-- AUTO_INCREMENT for table `tbl_tickets`
--
ALTER TABLE `tbl_tickets`
  MODIFY `id` int(11) NOT NULL AUTO_INCREMENT, AUTO_INCREMENT=340;

--
-- AUTO_INCREMENT for table `tbl_users`
--
ALTER TABLE `tbl_users`
  MODIFY `id` int(11) NOT NULL AUTO_INCREMENT, AUTO_INCREMENT=11;

--
-- Constraints for dumped tables
--

--
-- Constraints for table `tbl_favourite_events`
--
ALTER TABLE `tbl_favourite_events`
  ADD CONSTRAINT `tbl_favourite_events_ibfk_1` FOREIGN KEY (`user_id`) REFERENCES `tbl_users` (`id`),
  ADD CONSTRAINT `tbl_favourite_events_ibfk_2` FOREIGN KEY (`event_id`) REFERENCES `tbl_events` (`id`);
COMMIT;

/*!40101 SET CHARACTER_SET_CLIENT=@OLD_CHARACTER_SET_CLIENT */;
/*!40101 SET CHARACTER_SET_RESULTS=@OLD_CHARACTER_SET_RESULTS */;
/*!40101 SET COLLATION_CONNECTION=@OLD_COLLATION_CONNECTION */;
